org.apache.commons.cli.AlreadySelectedException,33,2,0,1
org.apache.commons.cli.AmbiguousOptionException,132,30,0,4
org.apache.commons.cli.BasicParser,36,44,0,1
org.apache.commons.cli.CommandLine,4172,10443,0,97
org.apache.commons.cli.CommandLine$Builder,240,684,0,7
org.apache.commons.cli.Converter,212,34,0,6
org.apache.commons.cli.DefaultParser,6584,9863,0,175
org.apache.commons.cli.DefaultParser$Builder,121,214,0,4
org.apache.commons.cli.DeprecatedAttributes,312,539,0,9
org.apache.commons.cli.DeprecatedAttributes$Builder,143,21,0,4
org.apache.commons.cli.GnuParser,590,506,0,16
org.apache.commons.cli.HelpFormatter,6454,39164,13,150
org.apache.commons.cli.HelpFormatter$Builder,268,13,0,7
org.apache.commons.cli.HelpFormatter$OptionComparator,33,12,0,1
org.apache.commons.cli.MissingOptionException,188,95,0,5
org.apache.commons.cli.Option,3618,15311,1,93
org.apache.commons.cli.Option$Builder,886,1617,0,26
org.apache.commons.cli.OptionBuilder,1085,2470,0,29
org.apache.commons.cli.OptionGroup,643,1262,0,16
org.apache.commons.cli.OptionValidator,644,4972,0,19
org.apache.commons.cli.Options,1159,6173,0,32
org.apache.commons.cli.ParseException,136,92,0,4
org.apache.commons.cli.Parser,2151,6434,0,60
org.apache.commons.cli.PatternOptionBuilder,1114,134,0,30
org.apache.commons.cli.PosixParser,1466,4827,0,43
org.apache.commons.cli.TypeHandler,626,576,0,16
org.apache.commons.cli.UnrecognizedOptionException,36,24,0,1
org.apache.commons.cli.Util,960,4795,0,24
