org.apache.commons.cli.AlreadySelectedException,56,4,0,2
org.apache.commons.cli.AmbiguousOptionException,106,28,0,4
org.apache.commons.cli.BasicParser,29,45,0,1
org.apache.commons.cli.CommandLine,3882,9226,0,97
org.apache.commons.cli.CommandLine$Builder,198,699,0,7
org.apache.commons.cli.Converter,170,40,0,6
org.apache.commons.cli.DefaultParser,6245,10092,0,175
org.apache.commons.cli.DefaultParser$Builder,132,206,0,4
org.apache.commons.cli.DeprecatedAttributes,303,707,0,9
org.apache.commons.cli.DeprecatedAttributes$Builder,119,28,0,4
org.apache.commons.cli.GnuParser,398,1065,0,16
org.apache.commons.cli.HelpFormatter,5126,41496,13,150
org.apache.commons.cli.HelpFormatter$Builder,190,17,0,7
org.apache.commons.cli.HelpFormatter$OptionComparator,28,17,0,1
org.apache.commons.cli.MissingOptionException,147,174,0,5
org.apache.commons.cli.Option,3286,22830,1,93
org.apache.commons.cli.Option$Builder,791,1637,0,26
org.apache.commons.cli.OptionBuilder,874,4135,0,29
org.apache.commons.cli.OptionGroup,600,2530,0,16
org.apache.commons.cli.OptionValidator,658,4930,0,19
org.apache.commons.cli.Options,1083,7448,0,32
org.apache.commons.cli.ParseException,122,136,0,4
org.apache.commons.cli.Parser,2209,7940,0,60
org.apache.commons.cli.PatternOptionBuilder,1071,285,0,30
org.apache.commons.cli.PosixParser,1480,2775,0,43
org.apache.commons.cli.TypeHandler,466,623,0,16
org.apache.commons.cli.UnrecognizedOptionException,29,24,0,1
org.apache.commons.cli.Util,778,7403,0,24
