org.apache.empire.commons.ArraySet,179,0,0,6
org.apache.empire.commons.Attributes,587,13749,3,36
org.apache.empire.commons.Attributes$Attribute,105,24,0,5
org.apache.empire.commons.ClassUtils,290,16,0,8
org.apache.empire.commons.DateUtils,853,52,0,76
org.apache.empire.commons.ObjectUtils,5868,7299,1,185
org.apache.empire.commons.OptionEntry,297,106,0,11
org.apache.empire.commons.Options,1642,351,0,59
org.apache.empire.commons.StringUtils,4410,18477,4,189
org.apache.empire.data.DataType,114,187,0,5
org.apache.empire.data.list.DataListEntry,258,14,0,12
org.apache.empire.data.list.DataListHead,127,7,0,4
org.apache.empire.db.DBCmdParam,162,9564,2,11
org.apache.empire.db.DBCmdParamList,355,37517,9,25
org.apache.empire.db.DBColumn,609,16345,3,26
org.apache.empire.db.DBColumnExpr,437,6428,1,26
org.apache.empire.db.DBCommand,4159,42234,9,122
org.apache.empire.db.DBCommandExpr,205,4769,1,9
org.apache.empire.db.DBDDLGenerator,1757,23034,5,64
org.apache.empire.db.DBDatabase,1842,54450,11,67
org.apache.empire.db.DBIndex,378,338,0,10
org.apache.empire.db.DBIndex$DBIndexType,62,44,0,2
org.apache.empire.db.DBObject,27,4465,1,2
org.apache.empire.db.DBQuery,504,34,0,21
org.apache.empire.db.DBReader,1491,990,0,37
org.apache.empire.db.DBRecord,829,28553,5,42
org.apache.empire.db.DBRecordBase,1571,60247,14,64
org.apache.empire.db.DBRecordBase$State,76,9599,2,6
org.apache.empire.db.DBRecordData,260,206,0,11
org.apache.empire.db.DBRelation,86,53,0,3
org.apache.empire.db.DBRelation$DBReference,14,282,0,2
org.apache.empire.db.DBRowSet,3908,71440,17,132
org.apache.empire.db.DBSQLBuilder,626,7991,2,25
org.apache.empire.db.DBSQLScript,114,13984,3,9
org.apache.empire.db.DBSQLScript$SQLStmt,23,971,0,2
org.apache.empire.db.DBTable,1984,38015,8,73
org.apache.empire.db.DBTableColumn,651,19740,5,28
org.apache.empire.db.DBUtils,237,17764,4,13
org.apache.empire.db.context.DBContextBase,174,17324,4,10
org.apache.empire.db.context.DBContextStatic,168,10310,2,6
org.apache.empire.db.expr.column.DBAbstractFuncExpr,313,1,0,14
org.apache.empire.db.expr.column.DBAliasExpr,408,0,0,13
org.apache.empire.db.expr.column.DBCoalesceExpr,283,0,0,9
org.apache.empire.db.expr.column.DBCountExpr,183,8,0,16
org.apache.empire.db.expr.column.DBFuncExpr,172,0,0,5
org.apache.empire.db.expr.compare.DBCompareAndOrExpr,149,0,0,7
org.apache.empire.db.expr.compare.DBCompareColExpr,819,647,0,25
org.apache.empire.db.expr.set.DBSetExpr,290,4903,1,14
org.apache.empire.dbms.DBMSHandlerBase,1681,50830,10,61
org.apache.empire.dbms.DBSqlPhrase,60,4,0,4
org.apache.empire.dbms.derby.DBMSHandlerDerby,65,21,0,2
org.apache.empire.dbms.derby.DerbyDDLGenerator,139,12391,3,8
org.apache.empire.dbms.h2.DBMSHandlerH2,38,107,0,3
org.apache.empire.dbms.h2.H2DDLGenerator,107,4012,0,3
org.apache.empire.dbms.hsql.DBCommandHSql,38,118,0,3
org.apache.empire.dbms.hsql.DBMSHandlerHSql,340,248,0,10
org.apache.empire.dbms.hsql.HSqlDDLGenerator,390,273,0,12
org.apache.empire.dbms.mysql.DBMSHandlerMySQL,21641,744,0,644
org.apache.empire.dbms.mysql.DBMSHandlerMySQL$DBCommandMySQL,87,2,0,3
org.apache.empire.dbms.mysql.DBMSHandlerMySQL$DBSQLBuilderMySQL,164,3,0,8
org.apache.empire.dbms.sqlite.DBMSHandlerSQLite,3014,736,0,147
org.apache.empire.dbms.sqlite.SQLiteDDLGenerator,534,35,0,17
org.apache.empire.exceptions.EmpireException,278,6,0,9
org.apache.empire.xml.XMLUtil,326,21,0,10
