com.github.jknack.handlebars.Context,5465,29661,0,44
com.github.jknack.handlebars.Context$BlockParam,813,123,0,9
com.github.jknack.handlebars.Context$Builder,1299,3274,0,11
com.github.jknack.handlebars.Context$CompositeValueResolver,1493,6101,0,13
com.github.jknack.handlebars.Context$ParentFirst,299,5,0,3
com.github.jknack.handlebars.Context$PartialCtx,480,383,0,5
com.github.jknack.handlebars.Context$PathExpressionChain,799,19156,2,11
com.github.jknack.handlebars.EscapingStrategy,889,170,0,7
com.github.jknack.handlebars.EscapingStrategy$Hbs,581,2746,0,5
com.github.jknack.handlebars.Formatter,97,1534,0,1
com.github.jknack.handlebars.Handlebars,9516,44673,0,72
com.github.jknack.handlebars.Handlebars$SafeString,1271,797,0,11
com.github.jknack.handlebars.Handlebars$Utils,2092,3767,0,23
com.github.jknack.handlebars.HandlebarsError,611,365,0,6
com.github.jknack.handlebars.HandlebarsException,96,6,0,1
com.github.jknack.handlebars.Options,5566,10961,0,44
com.github.jknack.handlebars.Options$Builder,218,196,0,2
com.github.jknack.handlebars.Options$NativeBuffer,177,909,0,1
com.github.jknack.handlebars.PathCompiler,3099,18935,0,24
com.github.jknack.handlebars.TagType,114,7,0,1
com.github.jknack.handlebars.Template$1,335,11,0,3
com.github.jknack.handlebars.ValueResolver,229,4234,0,2
com.github.jknack.handlebars.cache.ConcurrentMapTemplateCache,822,17,0,8
com.github.jknack.handlebars.cache.HighConcurrencyTemplateCache,2692,3211,1,20
com.github.jknack.handlebars.cache.NullTemplateCache,88,1379,0,1
com.github.jknack.handlebars.context.FieldValueResolver,886,46,0,10
com.github.jknack.handlebars.context.FieldValueResolver$FieldMember,599,15,0,5
com.github.jknack.handlebars.context.JavaBeanValueResolver,2875,1542,0,25
com.github.jknack.handlebars.context.MapValueResolver,1533,7920,0,12
com.github.jknack.handlebars.context.MemberValueResolver,2704,3800,0,22
com.github.jknack.handlebars.context.MethodValueResolver,1532,1611,0,14
com.github.jknack.handlebars.helper.BlockHelper,1337,220,0,12
com.github.jknack.handlebars.helper.ConditionalHelpers,1621,42,0,15
com.github.jknack.handlebars.helper.ConditionalHelpers$1,576,8,0,5
com.github.jknack.handlebars.helper.ConditionalHelpers$2,743,6,0,6
com.github.jknack.handlebars.helper.ConditionalHelpers$3,705,12,0,7
com.github.jknack.handlebars.helper.ConditionalHelpers$4,800,7,0,7
com.github.jknack.handlebars.helper.ConditionalHelpers$5,646,9,0,7
com.github.jknack.handlebars.helper.ConditionalHelpers$6,857,9,0,7
com.github.jknack.handlebars.helper.ConditionalHelpers$7,1002,30,0,11
com.github.jknack.handlebars.helper.ConditionalHelpers$8,1448,26,0,12
com.github.jknack.handlebars.helper.ConditionalHelpers$9,560,5,0,5
com.github.jknack.handlebars.helper.DefI18nSource,578,36,0,6
com.github.jknack.handlebars.helper.DefI18nSource$UTF8Control,389,30,0,3
com.github.jknack.handlebars.helper.DefaultHelperRegistry,3259,18548,0,34
com.github.jknack.handlebars.helper.EachHelper,2120,2185,0,21
com.github.jknack.handlebars.helper.EmbeddedHelper,103,4,0,1
com.github.jknack.handlebars.helper.I18nHelper$1,266,25,0,2
com.github.jknack.handlebars.helper.I18nHelper$2,1359,65,0,10
com.github.jknack.handlebars.helper.IfHelper,204,936,0,2
com.github.jknack.handlebars.helper.LookupHelper,680,54,0,7
com.github.jknack.handlebars.helper.MethodHelper,1313,409,0,12
com.github.jknack.handlebars.helper.PartialHelper,469,93,0,4
com.github.jknack.handlebars.helper.PrecompileHelper,336,6381,0,3
com.github.jknack.handlebars.helper.PrecompileHelper$JsWrapper,697,3591,0,6
com.github.jknack.handlebars.helper.PrecompileHelper$JsWrapper$2,108,378,0,1
com.github.jknack.handlebars.helper.StringHelpers,281,165,0,4
com.github.jknack.handlebars.helper.StringHelpers$1,125,2,0,1
com.github.jknack.handlebars.helper.StringHelpers$10,122,2,0,1
com.github.jknack.handlebars.helper.StringHelpers$11,537,9,0,5
com.github.jknack.handlebars.helper.StringHelpers$12,129,7,0,1
com.github.jknack.handlebars.helper.StringHelpers$13,127,3,0,1
com.github.jknack.handlebars.helper.StringHelpers$14,210,6,0,2
com.github.jknack.handlebars.helper.StringHelpers$15,108,2,0,1
com.github.jknack.handlebars.helper.StringHelpers$16,110,2,0,1
com.github.jknack.handlebars.helper.StringHelpers$17,71,43,0,1
com.github.jknack.handlebars.helper.StringHelpers$18,564,40,0,6
com.github.jknack.handlebars.helper.StringHelpers$19,1421,157,0,13
com.github.jknack.handlebars.helper.StringHelpers$2,135,3,0,1
com.github.jknack.handlebars.helper.StringHelpers$20,2040,186,0,18
com.github.jknack.handlebars.helper.StringHelpers$3,416,13,0,4
com.github.jknack.handlebars.helper.StringHelpers$4,402,9,0,3
com.github.jknack.handlebars.helper.StringHelpers$5,1273,69,0,13
com.github.jknack.handlebars.helper.StringHelpers$6,62,6,0,1
com.github.jknack.handlebars.helper.StringHelpers$7,117,4,0,1
com.github.jknack.handlebars.helper.StringHelpers$8,97,4,0,1
com.github.jknack.handlebars.helper.StringHelpers$9,88,2,0,1
com.github.jknack.handlebars.helper.UnlessHelper,248,300,0,2
com.github.jknack.handlebars.helper.WithHelper,188,308,0,2
com.github.jknack.handlebars.internal.BaseTemplate,3970,20382,0,30
com.github.jknack.handlebars.internal.BaseTemplate$1,3137,183,0,31
com.github.jknack.handlebars.internal.Block,4675,8930,0,45
com.github.jknack.handlebars.internal.BlockDecorator,433,153,0,5
com.github.jknack.handlebars.internal.DefParam,199,173,0,2
com.github.jknack.handlebars.internal.FastStringWriter,1535,5508,0,15
com.github.jknack.handlebars.internal.Files,814,2335,0,7
com.github.jknack.handlebars.internal.FormatterChain,931,81,0,8
com.github.jknack.handlebars.internal.ForwardingTemplate,3361,13729,0,27
com.github.jknack.handlebars.internal.HbsErrorReporter,1601,1052,0,17
com.github.jknack.handlebars.internal.HbsErrorStrategy,2815,426,0,25
com.github.jknack.handlebars.internal.HbsLexer,15214,318139,7,158
com.github.jknack.handlebars.internal.HbsParser,36785,192833,5,350
com.github.jknack.handlebars.internal.HbsParser$AmpvarContext,830,313,0,8
com.github.jknack.handlebars.internal.HbsParser$BlockContext,1481,4323,0,13
com.github.jknack.handlebars.internal.HbsParser$BlockParamsContext,125,34,0,1
com.github.jknack.handlebars.internal.HbsParser$BodyContext,529,3518,0,6
com.github.jknack.handlebars.internal.HbsParser$BoolParamContext,500,150,0,7
com.github.jknack.handlebars.internal.HbsParser$CharParamContext,367,174,0,3
com.github.jknack.handlebars.internal.HbsParser$CommentContext,684,280,0,7
com.github.jknack.handlebars.internal.HbsParser$DelimitersContext,963,561,0,7
com.github.jknack.handlebars.internal.HbsParser$DynamicPathContext,738,190,0,6
com.github.jknack.handlebars.internal.HbsParser$ElseBlockContext,682,110,0,7
com.github.jknack.handlebars.internal.HbsParser$ElseStmtChainContext,281,17,0,3
com.github.jknack.handlebars.internal.HbsParser$ElseStmtContext,506,32,0,6
com.github.jknack.handlebars.internal.HbsParser$EscapeContext,344,26,0,3
com.github.jknack.handlebars.internal.HbsParser$HashContext,821,273,0,7
com.github.jknack.handlebars.internal.HbsParser$LiteralPathContext,567,6,0,5
com.github.jknack.handlebars.internal.HbsParser$NumberParamContext,290,241,0,3
com.github.jknack.handlebars.internal.HbsParser$ParamContext,204,579,0,2
com.github.jknack.handlebars.internal.HbsParser$PartialBlockContext,367,100,0,3
com.github.jknack.handlebars.internal.HbsParser$PartialContext,866,759,0,8
com.github.jknack.handlebars.internal.HbsParser$PexprContext,213,220,0,2
com.github.jknack.handlebars.internal.HbsParser$RawBlockContext,367,34,0,4
com.github.jknack.handlebars.internal.HbsParser$RefParamContext,904,1553,0,7
com.github.jknack.handlebars.internal.HbsParser$SexprContext,932,7345,0,8
com.github.jknack.handlebars.internal.HbsParser$StatementContext,675,6068,0,7
com.github.jknack.handlebars.internal.HbsParser$StaticPathContext,1268,1376,0,9
com.github.jknack.handlebars.internal.HbsParser$StringParamContext,646,1045,0,7
com.github.jknack.handlebars.internal.HbsParser$SubParamExprContext,468,659,0,4
com.github.jknack.handlebars.internal.HbsParser$TemplateContext,757,5709,0,7
com.github.jknack.handlebars.internal.HbsParser$TextContext,1381,9185,0,8
com.github.jknack.handlebars.internal.HbsParser$TvarContext,1176,774,0,8
com.github.jknack.handlebars.internal.HbsParser$UnlessContext,1152,866,0,10
com.github.jknack.handlebars.internal.HbsParser$VarContext,1184,10120,0,9
com.github.jknack.handlebars.internal.HbsParserBaseVisitor,158,112,0,1
com.github.jknack.handlebars.internal.HbsParserFactory,910,17177,0,8
com.github.jknack.handlebars.internal.HbsParserFactory$1,828,12073,0,7
com.github.jknack.handlebars.internal.HbsParserFactory$1$1,130,13,0,1
com.github.jknack.handlebars.internal.HbsParserFactory$2,144,16,0,1
com.github.jknack.handlebars.internal.HelperResolver,6366,56093,0,55
com.github.jknack.handlebars.internal.Lambdas,330,133,0,4
com.github.jknack.handlebars.internal.Locales,302,36,0,3
com.github.jknack.handlebars.internal.MustacheSpec,4819,10803,0,42
com.github.jknack.handlebars.internal.MustacheStringUtils,3176,6332,0,29
com.github.jknack.handlebars.internal.Partial,5019,3841,0,43
com.github.jknack.handlebars.internal.Partial$1,1109,206,0,10
com.github.jknack.handlebars.internal.PartialBlockForwardingTemplate,126,15,0,1
com.github.jknack.handlebars.internal.PathExpressionList,156,549,0,1
com.github.jknack.handlebars.internal.RefParam,202,571,0,2
com.github.jknack.handlebars.internal.StrParam,314,695,0,3
com.github.jknack.handlebars.internal.TemplateBuilder,21580,95351,0,152
com.github.jknack.handlebars.internal.TemplateBuilder$1,199,3729,0,2
com.github.jknack.handlebars.internal.TemplateList,1401,16673,0,12
com.github.jknack.handlebars.internal.Text,380,1435,0,4
com.github.jknack.handlebars.internal.Throwing,193,1281,0,2
com.github.jknack.handlebars.internal.VarDecorator,488,31,0,4
com.github.jknack.handlebars.internal.VarParam,213,272,0,2
com.github.jknack.handlebars.internal.Variable,3597,31557,0,29
com.github.jknack.handlebars.internal.WhiteSpaceControl,2197,139,0,21
com.github.jknack.handlebars.internal.path.DataPath,328,128,0,3
com.github.jknack.handlebars.internal.path.IndexedPath,770,93,0,5
com.github.jknack.handlebars.internal.path.ParentPath,402,140,0,4
com.github.jknack.handlebars.internal.path.PropertyPath,394,3023,0,4
com.github.jknack.handlebars.internal.path.ResolveThisPath,225,685,0,2
com.github.jknack.handlebars.internal.path.ThisPath,420,607,0,3
com.github.jknack.handlebars.io.AbstractTemplateLoader,635,5899,0,7
com.github.jknack.handlebars.io.AbstractTemplateSource,690,31,0,7
com.github.jknack.handlebars.io.ClassPathTemplateLoader,368,3515,0,3
com.github.jknack.handlebars.io.CompositeTemplateLoader,516,32,0,6
com.github.jknack.handlebars.io.FileTemplateLoader,682,55,0,7
com.github.jknack.handlebars.io.ForwardingTemplateSource,310,6,0,3
com.github.jknack.handlebars.io.ServletContextTemplateLoader,266,29,0,3
com.github.jknack.handlebars.io.StringTemplateSource,223,3752,0,2
com.github.jknack.handlebars.io.URLTemplateLoader,204,90,0,2
com.github.jknack.handlebars.io.URLTemplateSource,2082,197,0,17
