com.github.jknack.handlebars.Context,178,418,0,1
com.github.jknack.handlebars.Context$BlockParam,824,187,0,9
com.github.jknack.handlebars.Context$Builder,1410,3747,0,11
com.github.jknack.handlebars.Context$CompositeValueResolver,1336,6697,0,13
com.github.jknack.handlebars.Context$ParentFirst,323,4,0,3
com.github.jknack.handlebars.Context$PartialCtx,601,401,0,5
com.github.jknack.handlebars.Context$PathExpressionChain,1041,19771,2,11
com.github.jknack.handlebars.EscapingStrategy,841,166,0,7
com.github.jknack.handlebars.EscapingStrategy$Hbs,622,3235,0,5
com.github.jknack.handlebars.Formatter,114,1586,0,1
com.github.jknack.handlebars.Handlebars,11466,50697,0,72
com.github.jknack.handlebars.Handlebars$SafeString,1410,899,0,11
com.github.jknack.handlebars.Handlebars$Utils,2857,3524,0,23
com.github.jknack.handlebars.HandlebarsError,810,420,0,6
com.github.jknack.handlebars.HandlebarsException,148,10,0,1
com.github.jknack.handlebars.Options,6365,18130,0,44
com.github.jknack.handlebars.Options$Builder,183,16,0,2
com.github.jknack.handlebars.Options$NativeBuffer,110,482,0,1
com.github.jknack.handlebars.PathCompiler,3224,19125,0,24
com.github.jknack.handlebars.TagType,120,12,0,1
com.github.jknack.handlebars.Template$1,291,14,0,3
com.github.jknack.handlebars.ValueResolver,173,3715,0,2
com.github.jknack.handlebars.cache.ConcurrentMapTemplateCache,991,17,0,8
com.github.jknack.handlebars.cache.HighConcurrencyTemplateCache,2358,3179,1,20
com.github.jknack.handlebars.cache.NullTemplateCache,108,1350,0,1
com.github.jknack.handlebars.context.FieldValueResolver,1074,41,0,10
com.github.jknack.handlebars.context.FieldValueResolver$FieldMember,593,16,0,5
com.github.jknack.handlebars.context.JavaBeanValueResolver,2614,1148,0,25
com.github.jknack.handlebars.context.MapValueResolver,869,7100,0,12
com.github.jknack.handlebars.context.MemberValueResolver,3214,5648,0,22
com.github.jknack.handlebars.context.MethodValueResolver,1628,1692,0,14
com.github.jknack.handlebars.helper.BlockHelper,1361,282,0,12
com.github.jknack.handlebars.helper.ConditionalHelpers,1527,111,0,15
com.github.jknack.handlebars.helper.ConditionalHelpers$1,796,16,0,5
com.github.jknack.handlebars.helper.ConditionalHelpers$2,785,7,0,6
com.github.jknack.handlebars.helper.ConditionalHelpers$3,972,16,0,7
com.github.jknack.handlebars.helper.ConditionalHelpers$4,1011,11,0,7
com.github.jknack.handlebars.helper.ConditionalHelpers$5,850,8,0,7
com.github.jknack.handlebars.helper.ConditionalHelpers$6,795,9,0,7
com.github.jknack.handlebars.helper.ConditionalHelpers$7,1030,25,0,11
com.github.jknack.handlebars.helper.ConditionalHelpers$8,1703,41,0,12
com.github.jknack.handlebars.helper.ConditionalHelpers$9,742,7,0,5
com.github.jknack.handlebars.helper.DefI18nSource,598,41,0,6
com.github.jknack.handlebars.helper.DefI18nSource$UTF8Control,285,22,0,3
com.github.jknack.handlebars.helper.DefaultHelperRegistry,4538,22965,0,34
com.github.jknack.handlebars.helper.EachHelper,3086,3272,0,21
com.github.jknack.handlebars.helper.EmbeddedHelper,108,4,0,1
com.github.jknack.handlebars.helper.I18nHelper$1,289,36,0,2
com.github.jknack.handlebars.helper.I18nHelper$2,1142,48,0,10
com.github.jknack.handlebars.helper.IfHelper,211,364,0,2
com.github.jknack.handlebars.helper.LookupHelper,906,73,0,7
com.github.jknack.handlebars.helper.MethodHelper,1733,545,0,12
com.github.jknack.handlebars.helper.PartialHelper,344,108,0,4
com.github.jknack.handlebars.helper.PrecompileHelper,406,3055,0,3
com.github.jknack.handlebars.helper.PrecompileHelper$JsWrapper,830,4595,0,6
com.github.jknack.handlebars.helper.PrecompileHelper$JsWrapper$2,139,554,0,1
com.github.jknack.handlebars.helper.StringHelpers,352,146,0,4
com.github.jknack.handlebars.helper.StringHelpers$1,105,1,0,1
com.github.jknack.handlebars.helper.StringHelpers$10,123,2,0,1
com.github.jknack.handlebars.helper.StringHelpers$11,560,10,0,5
com.github.jknack.handlebars.helper.StringHelpers$12,105,3,0,1
com.github.jknack.handlebars.helper.StringHelpers$13,104,3,0,1
com.github.jknack.handlebars.helper.StringHelpers$14,130,7,0,2
com.github.jknack.handlebars.helper.StringHelpers$15,120,2,0,1
com.github.jknack.handlebars.helper.StringHelpers$16,63,3,0,1
com.github.jknack.handlebars.helper.StringHelpers$17,61,2,0,1
com.github.jknack.handlebars.helper.StringHelpers$18,734,33,0,6
com.github.jknack.handlebars.helper.StringHelpers$19,1410,186,0,13
com.github.jknack.handlebars.helper.StringHelpers$2,136,6,0,1
com.github.jknack.handlebars.helper.StringHelpers$20,2442,264,0,18
com.github.jknack.handlebars.helper.StringHelpers$3,556,20,0,4
com.github.jknack.handlebars.helper.StringHelpers$4,386,7,0,3
com.github.jknack.handlebars.helper.StringHelpers$5,1670,56,0,13
com.github.jknack.handlebars.helper.StringHelpers$6,122,4,0,1
com.github.jknack.handlebars.helper.StringHelpers$7,126,7,0,1
com.github.jknack.handlebars.helper.StringHelpers$8,101,5,0,1
com.github.jknack.handlebars.helper.StringHelpers$9,102,2,0,1
com.github.jknack.handlebars.helper.UnlessHelper,271,296,0,2
com.github.jknack.handlebars.helper.WithHelper,278,533,0,2
com.github.jknack.handlebars.internal.BaseTemplate,3277,21195,0,30
com.github.jknack.handlebars.internal.BaseTemplate$1,4216,195,0,31
com.github.jknack.handlebars.internal.Block,4821,18195,0,45
com.github.jknack.handlebars.internal.BlockDecorator,521,136,0,5
com.github.jknack.handlebars.internal.DefParam,208,577,0,2
com.github.jknack.handlebars.internal.FastStringWriter,1634,4582,0,15
com.github.jknack.handlebars.internal.Files,900,1749,0,7
com.github.jknack.handlebars.internal.FormatterChain,826,69,0,8
com.github.jknack.handlebars.internal.ForwardingTemplate,3085,17707,0,27
com.github.jknack.handlebars.internal.HbsErrorReporter,1878,1436,0,17
com.github.jknack.handlebars.internal.HbsErrorStrategy,3993,766,0,25
com.github.jknack.handlebars.internal.HbsLexer,17900,315106,7,158
com.github.jknack.handlebars.internal.HbsParser,44307,222212,5,350
com.github.jknack.handlebars.internal.HbsParser$AmpvarContext,972,338,0,8
com.github.jknack.handlebars.internal.HbsParser$BlockContext,1367,4108,0,13
com.github.jknack.handlebars.internal.HbsParser$BlockParamsContext,118,29,0,1
com.github.jknack.handlebars.internal.HbsParser$BodyContext,588,3440,0,6
com.github.jknack.handlebars.internal.HbsParser$BoolParamContext,901,191,0,7
com.github.jknack.handlebars.internal.HbsParser$CharParamContext,329,195,0,3
com.github.jknack.handlebars.internal.HbsParser$CommentContext,835,292,0,7
com.github.jknack.handlebars.internal.HbsParser$DelimitersContext,738,1383,0,7
com.github.jknack.handlebars.internal.HbsParser$DynamicPathContext,729,119,0,6
com.github.jknack.handlebars.internal.HbsParser$ElseBlockContext,583,137,0,7
com.github.jknack.handlebars.internal.HbsParser$ElseStmtChainContext,492,40,0,3
com.github.jknack.handlebars.internal.HbsParser$ElseStmtContext,983,54,0,6
com.github.jknack.handlebars.internal.HbsParser$EscapeContext,417,52,0,3
com.github.jknack.handlebars.internal.HbsParser$HashContext,731,1790,0,7
com.github.jknack.handlebars.internal.HbsParser$LiteralPathContext,563,6,0,5
com.github.jknack.handlebars.internal.HbsParser$NumberParamContext,346,265,0,3
com.github.jknack.handlebars.internal.HbsParser$ParamContext,281,808,0,2
com.github.jknack.handlebars.internal.HbsParser$PartialBlockContext,336,118,0,3
com.github.jknack.handlebars.internal.HbsParser$PartialContext,1048,785,0,8
com.github.jknack.handlebars.internal.HbsParser$PexprContext,262,169,0,2
com.github.jknack.handlebars.internal.HbsParser$RawBlockContext,663,53,0,4
com.github.jknack.handlebars.internal.HbsParser$RefParamContext,589,1405,0,7
com.github.jknack.handlebars.internal.HbsParser$SexprContext,947,8675,0,8
com.github.jknack.handlebars.internal.HbsParser$StatementContext,791,6367,0,7
com.github.jknack.handlebars.internal.HbsParser$StaticPathContext,1217,1317,0,9
com.github.jknack.handlebars.internal.HbsParser$StringParamContext,833,2089,0,7
com.github.jknack.handlebars.internal.HbsParser$SubParamExprContext,533,874,0,4
com.github.jknack.handlebars.internal.HbsParser$TemplateContext,795,5727,0,7
com.github.jknack.handlebars.internal.HbsParser$TextContext,1000,6078,0,8
com.github.jknack.handlebars.internal.HbsParser$TvarContext,680,534,0,8
com.github.jknack.handlebars.internal.HbsParser$UnlessContext,1253,1046,0,10
com.github.jknack.handlebars.internal.HbsParser$VarContext,1035,9865,0,9
com.github.jknack.handlebars.internal.HbsParserBaseVisitor,82,73,0,1
com.github.jknack.handlebars.internal.HbsParserFactory,1147,22382,0,8
com.github.jknack.handlebars.internal.HbsParserFactory$1,1001,16104,0,7
com.github.jknack.handlebars.internal.HbsParserFactory$1$1,95,11,0,1
com.github.jknack.handlebars.internal.HbsParserFactory$2,98,9,0,1
com.github.jknack.handlebars.internal.HelperResolver,7349,47068,0,55
com.github.jknack.handlebars.internal.Lambdas,516,138,0,4
com.github.jknack.handlebars.internal.Locales,473,67,0,3
com.github.jknack.handlebars.internal.MustacheSpec,5783,8604,0,42
com.github.jknack.handlebars.internal.MustacheStringUtils,4840,9089,0,29
com.github.jknack.handlebars.internal.Partial,5295,4205,0,43
com.github.jknack.handlebars.internal.Partial$1,1420,244,0,10
com.github.jknack.handlebars.internal.PartialBlockForwardingTemplate,117,20,0,1
com.github.jknack.handlebars.internal.PathExpressionList,119,435,0,1
com.github.jknack.handlebars.internal.RefParam,266,762,0,2
com.github.jknack.handlebars.internal.StrParam,404,786,0,3
com.github.jknack.handlebars.internal.TemplateBuilder,21299,112447,0,152
com.github.jknack.handlebars.internal.TemplateBuilder$1,288,4683,0,2
com.github.jknack.handlebars.internal.TemplateList,1456,17872,0,12
com.github.jknack.handlebars.internal.Text,483,2391,0,4
com.github.jknack.handlebars.internal.Throwing,200,1344,0,2
com.github.jknack.handlebars.internal.VarDecorator,420,29,0,4
com.github.jknack.handlebars.internal.VarParam,210,298,0,2
com.github.jknack.handlebars.internal.Variable,3096,32044,0,29
com.github.jknack.handlebars.internal.WhiteSpaceControl,3183,324,0,21
com.github.jknack.handlebars.internal.path.DataPath,456,205,0,3
com.github.jknack.handlebars.internal.path.IndexedPath,609,56,0,5
com.github.jknack.handlebars.internal.path.ParentPath,489,154,0,4
com.github.jknack.handlebars.internal.path.PropertyPath,456,2866,0,4
com.github.jknack.handlebars.internal.path.ResolveThisPath,237,770,0,2
com.github.jknack.handlebars.internal.path.ThisPath,441,561,0,3
com.github.jknack.handlebars.io.AbstractTemplateLoader,621,3724,0,7
com.github.jknack.handlebars.io.AbstractTemplateSource,835,31,0,7
com.github.jknack.handlebars.io.ClassPathTemplateLoader,320,3686,0,3
com.github.jknack.handlebars.io.CompositeTemplateLoader,768,46,0,6
com.github.jknack.handlebars.io.FileTemplateLoader,960,101,0,7
com.github.jknack.handlebars.io.ForwardingTemplateSource,355,106,0,3
com.github.jknack.handlebars.io.ServletContextTemplateLoader,373,27,0,3
com.github.jknack.handlebars.io.StringTemplateSource,170,3972,0,2
com.github.jknack.handlebars.io.URLTemplateLoader,161,82,0,2
com.github.jknack.handlebars.io.URLTemplateSource,2388,202,0,17
