com.github.pagehelper.BoundSqlInterceptor$Chain,57,1226,0,1
com.github.pagehelper.BoundSqlInterceptorChain,511,13535,0,9
com.github.pagehelper.CountMsIdGen,58,2810,0,1
com.github.pagehelper.Dialect,58,6,0,1
com.github.pagehelper.Page,4718,173820,0,99
com.github.pagehelper.PageHelper,2397,105359,0,42
com.github.pagehelper.PageInfo,4001,1037,0,78
com.github.pagehelper.PageInterceptor,1967,73595,0,32
com.github.pagehelper.PageParam,175,13,0,3
com.github.pagehelper.PageRowBounds,175,15,0,3
com.github.pagehelper.PageSerializable,175,35,0,3
com.github.pagehelper.cache.CacheFactory,115,3022,0,2
com.github.pagehelper.cache.GuavaCache,367,11022,0,6
com.github.pagehelper.dialect.AbstractDialect,56,4,0,1
com.github.pagehelper.dialect.AbstractHelperDialect,3304,112652,0,62
com.github.pagehelper.dialect.AbstractRowBoundsDialect,806,94,0,15
com.github.pagehelper.dialect.auto.C3P0AutoDialect,56,5,0,1
com.github.pagehelper.dialect.auto.DataSourceAutoDialect,232,3866,0,4
com.github.pagehelper.dialect.auto.DataSourceNegotiationAutoDialect,363,3908,0,6
com.github.pagehelper.dialect.auto.DbcpAutoDialect,57,9,0,1
com.github.pagehelper.dialect.auto.DruidAutoDialect,55,2,0,1
com.github.pagehelper.dialect.auto.HikariAutoDialect,55,1,0,1
com.github.pagehelper.dialect.auto.TomcatAutoDialect,55,1,0,1
com.github.pagehelper.dialect.helper.HsqldbDialect,838,18938,0,15
com.github.pagehelper.dialect.helper.MySqlDialect,515,13555,0,9
com.github.pagehelper.dialect.replace.RegexWithNolockReplaceSql,114,8,0,2
com.github.pagehelper.dialect.rowbounds.HsqldbRowBoundsDialect,464,68,0,8
com.github.pagehelper.page.PageAutoDialect,2498,39932,0,44
com.github.pagehelper.page.PageBoundSqlInterceptors,348,10324,0,6
com.github.pagehelper.page.PageMethod,1442,23932,0,27
com.github.pagehelper.page.PageParams,1049,37139,0,19
com.github.pagehelper.parser.CountSqlParser,116,1540,0,2
com.github.pagehelper.parser.SqlParser,56,2760,0,1
com.github.pagehelper.parser.SqlParserUtil,57,2762,0,1
com.github.pagehelper.parser.defaults.DefaultCountSqlParser,4478,105069,0,86
com.github.pagehelper.parser.defaults.DefaultOrderBySqlParser,345,58,0,6
com.github.pagehelper.parser.defaults.DefaultSqlServerSqlParser,5243,1179,0,103
com.github.pagehelper.util.ClassUtil,559,13662,0,10
com.github.pagehelper.util.ExecutorUtil,715,27863,0,13
com.github.pagehelper.util.MSUtils,116,4343,0,2
com.github.pagehelper.util.MetaObjectUtil,56,2752,0,1
com.github.pagehelper.util.MetaObjectWithReflectCache,56,2752,0,1
com.github.pagehelper.util.PageObjectUtil,1534,18197,0,28
com.github.pagehelper.util.SqlSafeUtil,299,6183,0,5
com.github.pagehelper.util.StackTraceUtil,114,2541,0,2
com.github.pagehelper.util.StringUtil,348,16564,0,6
